BeneficiaryNumber,FirstName,LastName,DOB
99350001797,PHIL,JERASA,5/5/1948
99350002197,CENTRELLA,DINANT,1/4/1951
99350002397,J,MERRY,6/15/1942
99350005697,DONITA,FERREY JR,9/29/1939
99350005897,JADA,CHARNICK,5/11/1926
99350006297,AVRUM,HUMMON,9/18/1942
99350008397,EDNEY,TRAISTER,1/20/1938
99350022297,ALONZO,KEELING,12/27/1946
99350023197,ROMONA,KARLOVITS,9/15/1934
99350023397,MARY ROSE,MCMAHON JR,3/21/1957
99350023697,BERNIE,CONDRICK,11/29/1923
99350024297,U RONALD,KOEHLER,8/14/1962
99350026197,LACEY,SKOTNEVSKY,11/9/1926
99350028997,CATHERYN,VOUGHT SR,8/1/1936
99350030097,KALPANA,SEARCY,3/18/1943
99350030397,CANDY,BEDNAROFSKY,12/23/1948
99350030497,JANIS,TAUFKIRCH,3/3/1951
99350031197,GEORGEANNA,SEIGHMAN,8/21/1944
99350031897,ALVAREZ,ZENZ,11/10/1921
99350033097,GERALDINE,HOTZ,3/16/1933
99350033297,JANA,HAYFORD,6/11/1949
99350034297,ILENE,VENNARD,7/7/1944
99350035897,FENWICK,MCNEILLIE,7/25/1945
99350038997,HARLEY,LIZUNOVA,4/19/1951
99350039197,BLAIN,MOLINERO,9/13/1943
99350042297,JIMMEY,DVORCHIK,6/28/1924
99350042797,ION,GURKI,2/21/1925
99350042897,PLIMPTON,KUSHER,10/26/1945
99350043497,KYMN,LATORRE,1/15/1944
99350043997,CAROLINE,OLIVER,7/18/1950
99350045297,ENISE,SOLANKI,6/16/1948
99350045997,BEAU,SEDDIKI,11/22/1939
99350047597,AUGUST,DUGANICH,10/29/1963
99350048297,MERRITT,ERNY,6/25/1940
99350048997,JOELL,HANNY,4/2/1949
99350051097,MARGUERIT,SAMIOS,3/27/1951
99350051697,M,PRUSZENSKI,8/18/1966
99350051997,ALMA,IMAN,6/16/1949
99350052997,NITA,THRASHER,12/13/1949
99350054897,EARLEINE,DOMANSKY,3/14/1951
99350055997,CHARMAINE,HUCHKO,2/21/1961
99350056097,MADELYN,BARCLAY JR,10/28/1956
99350056297,HILDA,CONFORTI,12/20/1950
99350058097,CORROUDA,TKACH JR,4/4/1943
99350058597,ALETTA,NERONI,2/17/1969
99350058697,CHERI,EICHERT,5/22/1975
99350059397,JACKIE,MATTIOLI,8/20/1949
99350059697,CLYDE,WEEBER JR,8/24/1967
99350059797,MURIEL,POWER,11/17/1944
99350061197,TERRY,TENEROVICH,2/22/1941
99350063297,LEANNA,REZK,8/26/1950
99350063497,LISA,NESTER,2/27/1940
99350063697,ANGELETTE,WIGGINS III,9/18/1949
99350064397,JERLINE,MARCHE,11/10/1950
99350067297,BOHDAN,RATHBURN,4/3/1935
99350067697,TERRENCE,STERNBY,2/5/1929
99350070597,C. CLIFFORD,RUSKAY,11/16/1924
99350070997,JUNE,YOKE,4/12/1943
99350073597,MONALEE,ROJIK,5/7/1949
99350073997,MINERVA,PANGAS,12/3/1940
99350074697,REGIS,SIEFERT,3/13/1950
99350074797,GALE,HEPFER,5/20/1947
99350079397,CARROLL,FALVO,5/2/1934
99350079997,GESUELE,KUBERRY,6/12/1946
99350080697,LARUE,BRUGLER,9/19/1947
99350083897,GENE,MENOLD,5/24/1952
99350084197,T,VASBINDER,11/20/1936
99350085097,CHAUNCEY,MELVILLE,11/6/1950
99350086297,WATSON,GOVANNUCCI,2/26/1940
99350087897,LESLEY,WU,2/28/1951
99350089997,JIMMIE,DEMOR,3/1/1951
99350090197,CHARL,YADAMEC,12/21/1942
99350092197,CARMEL,GEARHART,6/5/1922
99350094597,J SCOTT,WHORIC,10/7/1936
99350094997,KRISHAN,PURVIS,5/5/1948
99350095497,TAMMY,HARASEVIAT,12/10/1949
99350096697,THU,CAPOZOLI,8/19/1942
99350098897,HARRIS,TILLMAN,11/9/1939
99350101797,TONYNIA,KULBATSKY,9/5/1937
99350102497,GURDIP,CONWELL,3/19/1939
99350102697,ERIC,AUSTIN,2/28/1951
99350103297,R JEAN,EARLE,3/29/1942
99350103397,BOB,IMPAVIDO,10/15/1949
99350106297,LISA,HANOSKY,12/22/1924
99350106997,FADAA,BUNDRIGE,7/18/1936
99350107497,WELCOME,BIVENS,11/22/1948
99350109797,THOMAS,KRISTAN,4/24/1939
99350110997,GENE,MCGINTY,9/1/1949
99350112497,MAHLON,BIRES,2/9/1931
99350113397,ALLAN,BLOZOWICH,5/27/1936
99350114197,ANNIE,BERZONSKI,5/7/1931
99350114497,DELBERT,TURKNETT,10/31/1947
99350116097,JUANITA,HICKMAN,12/1/1949
99350117397,DIANE,SIMMS,1/2/1951
99350117697,ED,EASTERBROOK,7/30/1959
99350118697,JO,FETTER,12/26/1947
99350120597,ETTORE,ZAMBON,10/30/1936
99350120697,DORIAN,PEPLEY,8/6/1940
99350122897,REX,HUDACK,7/6/1937
99350124197,ELLSWORTH,STRANO,10/7/1949
99350124797,WERNER,LIMBACHER,10/28/1945
99350125597,GILLIAN,RESICK,4/14/1943
99350125897,ROXANNE,YOCHIMOWITZ,8/16/1935
99350428897,CRIST,CHRIST,4/3/1962
99350430597,D JANE,OSMAN,12/26/1969
99350432497,ALIX,REVETTA,9/26/1938
99350434197,VON,DAVES,9/1/1951
99350434397,WILDA,KEYTACK,10/3/1949
99350435297,TRACII,BURROWAY,7/27/1948
99350436097,ALEXANDER,PIGNETTI,5/14/1969
99350437797,LUOLA,DELOZIER,2/18/1951
99350438497,WYNETT,BAMBARGER,9/13/1941
99350438997,FLANICK,SIKORA,12/16/1949
99350439297,WARREN,FERRARI,12/26/1956
99350440197,VERNE,O'LEARY,12/24/1950
99350440997,ABDURRAZZA,RUBERO,7/21/1950
99350441097,EBBERT,LACOCK,12/7/1950
99350441497,JO MARIE,GOLOB,3/23/1947
99350441897,ESSIE,LAWRENCE SR,7/14/1944
99350442397,MAREJANE,BALESK,3/25/1951
99350442797,GAILARD,NICOLOSI,3/15/1951
99350443597,IRENE,SWIENSKI,4/19/1951
99350444297,ESKANDAR,GYENES,2/9/1951
99350444597,KATHY,YOEST,2/24/1951
99350445297,ISABELLE,GRUNWALD,5/1/1945
99350446097,ORA,FILER,3/6/1951
99350446197,KANDI,SIRBAUGH,3/11/1951
99350447597,SHERWOOD,PAMPENA,4/9/1951
99350448097,JACQUELYN,LYONS RUSH,3/23/1951
99350450497,NARITA,MCELVENNY,5/29/1957
99350450597,EZZIO,DENNE,1/16/1967
99350454497,B CHARITY,WHITACRE,2/22/1949
99350457097,PHIL,PANAMEROFF,8/30/1946
99350457197,SHAR,NARVEY,12/1/1932
99350457697,DELMOR,KUMM,11/8/1947
99350458797,AVIS,EARLYWINE,10/8/1934
99350462797,CHRISTIAN,STOPKO JR,8/7/1950
99350462997,DUOC,KHARITONOV,3/25/1958
99350463397,MELROSE,GOLDE,4/4/1951
99350464797,ROSALINE,MCCREEDY,12/5/1952
99350464997,LYSLE,HUESMAN-IOLE,7/16/1950
99350466697,ROXENE,GELBISH,2/21/1951
99350467297,WENDY,TIGNANELLI,12/13/1948
99350468197,LOIS ANNE,RECHTORIK,3/16/1948
99350469597,ELLA MAE,SHUME,8/13/1955
99350472297,BEN,RANIER,8/24/1952
99350473997,THONGMEANT,CRISCO,6/7/1946
99350474197,CRIST,FAULKNER,2/18/1951
99350476897,RONNIE,SALANDRO,2/12/1951
99350480297,JUSTINA,GIRON,12/17/1963
99350480997,ERVIN,STANKOLA,9/29/1959
99350481697,DEDRA,DONEY,5/27/1948
99350482497,CHARON,BUTIA,10/1/1946
99350482597,KAY,THIEC,2/19/1950
99350484297,JULES,MCFEE,3/21/1949
99350486397,JOAN,WOODLEY,3/29/1951
99350487597,DIXIE,NEWSOM,8/21/1946
99350489097,BRINLEY,KOLENY,6/1/1957
99350489697,MARGARETE,HACKETT,8/19/1949
99350490297,DARIEN,BENNETTI,8/10/1949
99350492397,ROSA,EMMETT,3/28/1924
99350492897,JONELLA,ROWLANDS,5/29/1955
99350494097,JEANPAUL,MASKIL,12/26/1942
99350495697,JEAN,OLEAR,12/3/1955
99350495897,THEODORET,BEDNARIK,3/16/1950
99350497097,VALGENE,ANZELONE,3/19/1928
99350497297,JOETTA,MIDAGE,7/9/1950
99350498697,SYLVIA,SCHIMMEL,7/6/1944
99350499097,LAVINA,URDA,9/14/1938
99350499497,ANDREA,RENZI,11/25/1938
99350499697,GORDON,EFREMENKO,7/7/1932
99350503097,DIBRELL,MCMONAGLE,8/31/1948
99350503497,ROBETTA,SHIPES,3/12/1951
99350504197,ROSEANN,BARMETLER,3/15/1951
99350508197,NACE,DANNECKER,12/30/1948
99350508897,BONNIE,EARP SR,12/14/1967
99350509297,MERRIL,SLIWINSKI,10/15/1950
99350510597,VIJAY,ECKARD,6/29/1947
99350512697,JULIA,GARSTECKI,5/5/1930
99350512797,MORGAN,FRESHWATER,4/8/1970
99350514297,LUCILE,GALANICK,11/16/1950
99350519097,SANTANA,SMOUSE JR,12/12/1959
99350520497,YOLANDA,PARK,2/18/1939
99350522297,LEORA,KESSEN,12/24/1962
99350522397,MARLENE,SULLIVAN SR,6/23/1958
99350523297,THARON,PALOMBO,5/1/1940
99350524797,VERA,SPATES,11/18/1922
99350524897,ORTHA,POLCE,4/18/1947
99350525097,ELMO,ZIGAROVICH,11/13/1954
99350525797,TAURIS,WINTERBOTTOM,9/1/1936
99350525897,KRISTIN,PARNELL JR,12/8/1950
99350526697,OTILDA,FISHER,6/7/1949
99350528097,BENNY,MARTEN,3/22/1952
99350532197,MAURA,BULLOCK,12/19/1950
99350532897,SHARYN,YONEK,1/8/1984
99350533697,ALVERA,CASPAR,4/15/1936
99350534097,EMEDIO,ROHR JR,3/3/1948
99350534297,MISHELLE,DEGREGORIO,4/19/1964
99350534897,VERA,HARPER,1/15/1951
99350536097,MADOLYN,KINTIGH,12/3/1963
99350539997,ESSIE,GALLIGAN,9/10/1956
99350540297,PASQUALE,PENTZ,4/27/1945
99350540597,CHARLET,PATILLA,3/29/1945
99350543497,IBRAHIM,ABRAHAM,10/5/1946
99350546197,SUZAN,SHONKA,6/14/1942
99350126297,ROMELDA,MERS,11/8/1946
99350130297,BERTON,NULL,2/17/1942
99350130397,JESSE,LAFERLA,12/3/1927
99350130497,NAIM,SCHENKER,4/17/1935
99350133297,JAYLA,TRAFICANTI,2/4/1951
99350133797,WILBUR,MEDVEDO,1/29/1942
99350134397,BONICE,QUINQUE,11/27/1925
99350134497,CORNEL,SCHRADER,2/10/1949
99350138197,TARK,SHUMATE,2/25/1940
99350140597,GIACOMO,BENTLEY,9/14/1948
99350142097,OLADOYIN,KAPLAN,9/21/1944
99350143397,FELICIA,HARDY,1/18/1950
99350144497,ANDRE,BATTISTELLA,5/13/1937
99350144897,NOREEN,BRISTOW,10/29/1933
99350144997,IN JOON,LOCKARD,12/12/1946
99350146397,DANIELLE,CHAVIS,2/11/1937
99350147497,VALENCIA,RIDDLE,1/17/1941
99350147597,DEWEY,AGARWAL,7/9/1942
99350149297,WOODY,CONTE,7/17/1948
99350149897,JOSLYN,YODERS,5/20/1956
99350151197,LOOIS,RECCELLE,6/6/1953
99350152697,VIRGILIO,GETTEMY,3/30/1976
99350153297,RHEBA,MAGLIOCCA,7/31/1943
99350153997,VILLA,INTERTHAL JR,5/18/1937
99350156797,LOREN,AUBEL,7/22/1946
99350157097,BARTON,WATTERS,5/28/1942
99350160397,TWILLA,RIZER,1/27/1950
99350161597,AUNDREA,CROCKER,6/20/1939
99350162297,RONITA,BLAKER,8/19/1950
99350164597,LARUE,STEVENS JR,8/14/1951
99350164697,MIRA,BUDZAK,7/29/1945
99350165297,JEFF,HODIL,6/7/1946
99350165397,MELINDA,QUABECK,10/11/1944
99350165497,LOU ANN,ZWEIDINGER,6/15/1943
99350165697,GENE,KEENAN,2/11/1947
99350166997,LULA,TIMCO,4/14/1943
99350167097,WILBERT,MERCURIO,6/29/1932
99350168197,VICTORIA,BOLEN,8/18/1950
99350168397,SHARENE,MCCABE,7/20/1948
99350168497,PHILLIP,BURGART,12/5/1945
99350172397,E,FESTA,12/2/1950
99350173597,RONALYN,KRAMER,2/14/1954
99350176297,MARTINA,SMERIGAN,10/14/1940
99350176497,RAPHAEL,DEELY,6/2/1936
99350177297,BETHANY,KINDER,11/6/1917
99350177697,EDYTH,BATULIS,9/11/1934
99350178597,FILIPPO,HUMANIC,10/13/1955
99350178797,VAL,RHOME,8/1/1939
99350179897,LOU ANN,BANOVICH,7/4/1948
99350182397,JUDI,JAGEACKS,1/13/1932
99350182597,LAMAR,SWAN JR,8/29/1943
99350183997,LORI,LESKOVAC,1/12/1941
99350186497,RANDALL,MILTON,4/27/1971
99350186797,ALFRED,CIERI,1/31/1959
99350187297,MONTERIAL,GLICK,5/8/1945
99350187597,PAV,SEKERSKY,9/29/1947
99350189397,NINETTA,PRATHER JR,3/2/1943
99350190797,ANNETTE,SHIPPEY,4/7/1950
99350191297,OMAR,WACHTER,3/15/1947
99350192997,LORENZO,JACKMAN,6/20/1937
99350193297,ELVIE,SOSKO,5/16/1944
99350193397,GERALD,KOLBERG,4/2/1944
99350193697,GRAZIA,KANT,9/24/1938
99350195397,SHIH,CALENDA,1/25/1943
99350197197,CHARMANE,FORST,2/26/1951
99350197997,FRANCOISE,OSTROM,5/25/1931
99350200497,PARK,JACQUES,12/6/1942
99350201697,HIRAM,BABCOCK,7/4/1948
99350204197,ELVIN,GITTLEMAN,2/11/1951
99350204297,ELSIE,DIP,6/21/1966
99350205397,GABRIEL,MALLON JR,11/4/1950
99350205997,CAROLE,KIDD,4/1/1950
99350206597,AQUINAS,DONATO,3/18/1936
99350207797,CARA,SAPPAS,3/14/1947
99350210497,ROBIN,LLEWELLYN,3/10/1920
99350211297,ESKANDAR,CARLESI,2/16/1945
99350211397,BROOKE,FOUST,1/9/1978
99350211597,LUTHER,MALONEY,9/27/1943
99350212297,LOWRY,MCCAIN,6/26/1947
99350212397,ANIKA,HALLMARK,6/7/1963
99350215897,G RICHARD,SINZ,6/2/1946
99350216897,LONNIE,PHILPOTT,7/5/1947
99350218497,SALVATORE,EWANITS,3/22/1951
99350219297,DAVE,MUEHLBAUER,9/25/1949
99350221997,JURIS,CLYMANS,10/20/1946
99350223097,ALEASHA,LIPTOCK,12/30/1950
99350224997,KARIN,CALLERY,5/19/1951
99350225997,DOROTHA,GODARD,4/6/1950
99350226597,PAULYNNE,SAPP,9/10/1945
99350228197,GAIL,KNOWLTON,8/8/1950
99350228997,GENE,FOCHTMAN,3/12/1951
99350229697,PETRINA,FASULO JR,9/27/1972
99350230597,TRACY,SHERAW,9/30/1958
99350231897,FENWICK,BLAISDELL,12/21/1943
99350234097,GREGG,KNAZE,3/26/1946
99350234697,NOVA,SELVAGGIO,12/8/1950
99350235897,TED,MACKALICA,6/21/1937
99350238197,TRACY,GRABOWSKY,12/26/1950
99350239397,ZANE,ENOCH,1/22/1951
99350429097,MARYBETH,DEVENNEY,11/22/1962
99350429197,HUBERT,ROMANCHAK,7/2/1950
99350430197,EGIL,FREEAUF,11/14/1958
99350431897,DONNA FAY,LOWERS,5/27/1969
99350548897,ANTONIO,QUICK,2/12/1925
99350549097,BOBBI,CAPTAIN,8/5/1946
99350549697,ED,BORTMAS,7/25/1935
99350550597,CORNEL,UHL,5/13/1936
99350551797,GIACOMO,ALBINGER III,2/3/1942
99350552497,DOMINICK,DEVINE,8/30/1946
99350554697,ANGIE,PHILYAW,6/12/1947
99350555097,CATHERINE,LEES JR,5/19/1949
99350556597,SYLVESTER,KANIUK,11/22/1949
99350556897,SHERIDAN,CHETLIN,3/3/1939
99350560597,CLOTHIA,AIMONETTI,8/3/1938
99350562297,RUTHANNA,UHER,1/31/1949
99350564397,ARDIS,KRINBERG,1/26/1949
99350564497,MARGARETTA,SCHRELLO,3/15/1938
99350564897,MIN,CHURIK,6/26/1961
99350564997,BRENT,INDYK,12/11/1949
99350565097,DIXIE,MC CLOSKEY,9/7/1942
99350566297,HUBERT,VEON,1/26/1951
99350566597,CATHLEEN,FLAMINIO,3/26/1934
99350566997,LINDSAY,YERGAN,10/31/1953
99350569297,TAMMIE,BROSKEY,5/9/1948
99350569797,CAROLENE,HOLLABAUGH,8/4/1948
99350570497,DIBRELL,FORDYCE,3/4/1938
99350570797,BERNIECE,BARRETT-JONES,4/8/1934
99350570897,LUIGI,MCVEIGH III,6/18/1939
99350572297,BETYA,LOBECK,10/14/1940
99350572697,FAWN,HARVAN,12/8/1961
99350573597,MARION,LEDERBRINK,2/18/1948
99350573897,E LOUISE,IKACH-LEFCORT,10/30/1923
99350575097,SONO,BAUGHMAN JR,3/10/1939
99350575297,ROACHE,MORGAN BRAUN,1/23/1941
99350576697,KARI,WALDFOGLE,10/19/1943
99350577397,ELDINE,REYAN,6/9/1948
99350580997,LAWSON,HOELZEMAN,8/28/1950
99350581997,GEORGIE,ROUSER,2/5/1951
99350583197,KATHRINE,AGATE,2/24/1951
99350584197,TAMMARA,JOLLEY,8/27/1962
99350584697,ETHA,GASKILL,10/20/1954
99350585997,LURY,KACZYNSKI,3/15/1951
99350587397,KATHI,RALPH,10/23/1945
99350587997,MILES,BENNARDO,7/20/1949
99350588797,URSULA,BRANDT,3/17/1926
99350589397,EGIL,LUBATTI,3/2/1951
99350590597,DELVON,EVANKO,2/3/1955
99350591597,ELIJAH,MONIOS,8/5/1931
99350592397,DALAL,TOTTEN,9/5/1957
99350593597,FLORY,NACCARATO,3/25/1948
99350601097,JOYLEE,CELIGOI,6/6/1975
99350601797,TIBOR,HRINDA,4/14/1978
99350603097,MELINDA,ARMEL,3/19/1942
99350603997,HARRY,SOMERVILLE,10/23/1942
99350605697,ROSANNE,STONE,3/8/1937
99350605897,LARA,HARTNER,10/13/1969
99350608097,VIRGIL,PERRIN,8/20/1948
99350610097,WARD,KLEER,8/11/1948
99350610697,CINDY,LIPPERT,9/21/1949
99350614797,EDWARD,MUMAU,3/21/1946
99350615897,LEROY,PARISH,7/12/1929
99350616397,CAROLEE,WOODWARD,5/8/1959
99350616997,JACKALINE,AMEN,5/8/1930
99350617097,LOIS,MUSSELMAN,7/18/1949
99350617697,ODIE,PYSNIK,3/9/1967
99350618097,PENNIE,BUCAR,4/2/1947
99350618497,TWILLA,EAKMAN,5/29/1941
99350619197,JURIS,SCUILLO,11/17/1950
99350619297,LORETE,COOLBAUGH,5/1/1940
99350621197,JUNE,PLOWMAN,2/24/1946
99350622297,JAYNE,ROXBERRY JR,7/30/1934
99350623497,CECELE,KRUEL,3/28/1951
99350624797,JANEAN,LOEBLEIN,5/19/1947
99350627297,ANGELITA,SACCARDI,5/20/1949
99350628097,MAC,TUCCI JR,7/28/1966
99350628897,MARTIN,DANDO,4/28/1951
99350630197,PEACHES,SCHMUCK,3/10/1936
99350630997,ARDELL,KAO,6/16/1937
99350631397,MARYROSE,ERICSSON,1/21/1939
99350632597,GAIL,ANDRULONIS,9/25/1947
99350633597,BLANCHE,CAPO,9/14/1947
99350635797,DESSIE,PRITCHARD,12/3/1942
99350635897,ALFONCE,HASWELL,10/25/1947
99350636197,SHERAYN,KARINCHAK,7/1/1953
99350637297,KYLE,HIDINGER,12/15/1936
99350642197,HERMANNJOS,SHOW,2/10/1939
99350643097,MOHAMMAD,BURK,5/11/1938
99350643197,GARLAND,KAPOSY,10/2/1946
99350643297,LAVERNE,SCARLETT,9/2/1958
99350643397,TARAS,DAVIDSON,8/29/1950
99350643597,JENEICE,MORIDA,5/14/1949
99350645097,EVERETT,PASIKOWSKI,8/27/1944
99350647897,GORGINE,PAWLOWSKI,4/12/1939
99350647997,STANLEY,FOLEY,1/27/1949
99350648897,JIMMEY,KOONS,2/23/1934
99350648997,RASHIEM,YAKICH,4/26/1955
99350650697,NACE,WOZNIAK JR,8/4/1953
99350653697,GESUELE,TENTLER,1/30/1972
99350653897,MONICA,KOLICK,1/28/1951
99350653997,OTTO,BIZON,6/10/1940
99350655397,FRANCOISE,PAMPENA,5/14/1947
99350656697,SHU,ELICK,12/12/1946
99350658297,JERYAN,SPEASE,9/24/1947
99350002497,BARBARA ANN,SZOCS,5/20/1920
99350004197,ELLAREE,ROLLYSON,8/25/1949
99350432697,TONYNIA,MCDADE,5/10/1946
99350434597,WILMER,HANRAHAN,10/7/1968
99350434897,GORDON,DUE,12/7/1950
99350435797,GEORGI,DENORSCIA,9/7/1940
99350437097,NATHAN,LEAR,11/2/1950
99350440897,SUSANN,GARRICK,5/10/1963
99350441397,BRYCE,TRBOVIC,3/7/1944
99350442597,DARLIN,KAREL,3/18/1951
99350443197,LORELEI,WOODS,2/17/1951
99350445097,ANTONIA,BOYLE,3/22/1951
99350446297,QUENTIN,LASZKIEWICZ,3/26/1951
99350447397,HANUMANTHA,MERENSTEIN,10/14/1950
99350456497,THERESA,STECIK,7/12/1935
99350459197,MARLA,KOLESZAR,1/29/1954
99350460597,IDA,MELNICHAK,10/4/1976
99350461097,ROSALIND,VOGRIN,11/20/1955
99350461797,STELANNA,RICCARDI,11/13/1949
99350465997,STJOHN,KOLO,4/9/1980
99350468297,ROMAINE,HOUSTON,9/11/1961
99350469197,CHARLEMAGN,TANTO,3/18/1935
99350470997,SHEILA,SANTEE,10/21/1948
99350471097,ANGELA,FRITH,1/25/1930
99350471297,LOUISA,STERANCHAK,12/6/1951
99350472797,CARLO,VARNEY JR,2/1/1952
99350473197,TWILLA,CATUARA,4/15/1939
99350474797,NIKOLAOS,LANGTON,5/6/1960
99350476597,LACEY,GRDENICH,5/16/1957
99350477597,REGINALDO,SIMON JR,4/30/1929
99350478597,BARBARA ANN,COVER,4/5/1970
99350478697,JANETTE,FLEMING,4/4/1952
99350479597,BELLE,BERDELL,12/18/1949
99350481397,ERNEST,DIMENNO,3/27/1963
99350483997,WINDEL,PEIFFER,6/29/1949
99350485097,DANIELLE,BARNDT,1/16/1945
99350485497,MAUREY,GUARDARRAMA,4/27/1948
99350485897,NORMAN,RAGER,8/21/1940
99350486797,VALLA,SLAUGH,7/9/1970
99350486897,TIBOR,REITZ,12/3/1950
99350487497,FAWN,LINK,11/25/1949
99350487797,JOSEFINA,MEISE,4/30/1945
99350488597,MANGUBEN,EMANUEL,4/16/1951
99350489297,EMIKO,MOSTOLLER,6/20/1922
99350491497,SHERRY,BURKE JR,7/10/1949
99350491697,AUGUSTO,BLACK JR,5/23/1950
99350494697,HILLARY,KOVAR,12/7/1951
99350497597,ELIZABETH,MATTAS JR,1/21/1936
99350500297,LIDA,BICKFORD,8/28/1958
99350502397,A RUTH,FREDERICK,2/27/1951
99350502597,EUGENE,MANDERICK,3/10/1951
99350505397,HORST,KAIL,3/4/1951
99350506797,SVETLANA,WALLACH,7/18/1933
99350506997,CLYDE,LASSICK JR,8/25/1978
99350507997,JAKE,ZELINGER,2/12/1948
99350509197,JOYCELYN,DALY,12/15/1929
99350509397,LISA,DANCE-PLAZA,9/15/1949
99350514497,BOONNUM,PERCE,5/22/1965
99350515397,ELWOOD,SARANTINOUDIS,6/26/1940
99350516597,HARLEY,TONKS,8/25/1932
99350516997,CAMILLA,ANDREANI,8/25/1922
99350517597,EARLEINE,ROMEO,10/4/1934
99350517897,SAIHOU,FLOWERS,3/24/1953
99350518197,KELLEY,TARR,10/3/1956
99350519797,KERRY,LAUTH,10/9/1964
99350520697,TANDAV,HORTON,4/8/1941
99350522097,RHODETTA,SHEFFIELD,5/3/1948
99350522797,CAROLANN,VENTURELLA,10/19/1929
99350523497,T,VARNER,11/26/1956
99350523997,WILLINE,ULICNY,2/15/1951
99350526497,DANTON,MAZZOLENI,7/21/1967
99350527097,MANGUBEN,ZANG,10/23/1945
99350527197,JAKE,SHEELER,1/27/1950
99350527597,LOU,OKEEFE,12/13/1947
99350527897,VESTA,BROWN JR,11/27/1933
99350530597,BEN,LAZAR,3/10/1950
99350532597,GILBERT,DEFRANK,1/6/1951
99350534197,HERMAN,SCHERLE,1/19/1950
99350534397,ALLISON,KOSTALOS,3/1/1958
99350536597,ELLAREE,CERCONE,12/17/1950
99350536997,LARESSA,COKER,8/10/1921
99350538697,BERYL,DALVERNY,2/1/1951
99350538797,VICTORIE,WEISSERT,7/1/1939
99350539097,SALLY,WEDNER,4/10/1947
99350539697,SABRINA,TURKAL,12/13/1939
99350539897,VERLE,CLAUSER,11/23/1932
99350541097,MADOLYN,ARMENINI,12/19/1941
99350541197,COSTA,ECKER,7/9/1949
99350542097,THERESAANN,MERCURIO,2/12/1951
99350542597,DARLENE,ROSEMOND,1/22/1947
99350545297,DONNA JEAN,HILLIS,10/28/1948
99350549197,PERRY,KULICK,12/14/1954
99350551597,HUNTER,KAMALICH,9/19/1942
99350552697,FRANCINE,RIDDLE,2/24/1944
99350555997,LINDSAY,DALKE,7/17/1947
99350556297,TYLER,HOCH,4/11/1950
99350556797,CLARE,CRISSEY JR,7/21/1949
99350557097,MINTA,ANTONACCI,4/28/1940
99350557697,CARMELINE,GRUDOWSKI,8/5/1925
99350558597,RANDY,EARLS,1/16/1942
99350559297,MARY ANNE,ROWLES,10/7/1949
99350559797,NONA,MARCU,3/7/1949
99350560797,CHARLES,BURNETT,8/6/1933
99350561197,LORAINE,BIELIC,8/8/1943
99350561897,HARRIS,CHINCHAR,4/5/1943
99350561997,MARY AN,DOLGES,5/27/1932
99350565697,NAOMI,MEDICA,4/20/1962
99350566097,SHIH,MCCALLISTER,5/4/1949
99350568297,DELMAR,VASKO,2/24/1948
99350569597,RELTON,SPEIDEL JR,9/15/1940
99350570997,SOL,FILLMAN,9/15/1946
99350572897,CLINT,ABRIATIS,2/2/1940
99350576497,TAMARA,KRISTOBAK,1/21/1941
99350578197,GERLYNN,BROCK,9/1/1940
99350578997,BURTON,KERZMANN,1/23/1930
99350580897,LAVAWN,WETSCHLER,5/4/1921
99350582897,RAMON,MEANS,9/18/1947
99350583497,JOYCESTEIN,CSATLOS,8/24/1947
99350584297,HEDWIG,SABIDO,11/27/1972
99350590497,CLARK,HOERNER REBHOLZ,2/1/1951
99350593097,K,PROPER,8/14/1941
99350593897,ELIJAH,SELAK,10/28/1975
99350598497,G,CAFFO,9/20/1937
99350598597,MARCIA,EGAN,3/24/1938
99350599097,BERTHA,PRICHARD,12/30/1950
99350602297,DELROYCE,KARAVOLOS,2/13/1946
99350603897,TWILA,SHERBACK JR,3/6/1936
99350605797,ROLLAND,BORZA,10/22/1948
99350607497,EARNEST,FAIRFULL,10/2/1942
99350608797,NORA,TICKLE,3/20/1949
99350609497,RHODA,ASARS,4/6/1940
99350611597,LENARD,PODOLSKY,2/26/1951
99350613797,R JAMES,PETROVICH,11/6/1946
99350615197,FLORIDA,PERRY,10/16/1935
99350617997,GERALD,BURKARDT,4/2/1940
99350618397,BROOKE,GUTHRIDGE,2/10/1936
99350620297,JASON,ASKEW,11/22/1949
99350620997,JONI,RAZZETTI,8/15/1947
99350621097,NOELENE,HENNIG,1/17/1939
99350621597,RODERICK,SHIFFLETT,9/19/1941
99350623097,DOLLY,MCWHITE,4/29/1946
99350625197,LILLY,HADDOX,10/23/1942
99350625697,GILLIAN,HELFER,12/21/1937
99350626697,NORENE,NATHENSON,6/9/1969
99350627797,LILA,RADZIWON,8/10/1953
99350629197,LYNNE,BALESTRIERI,2/5/1948
99350629297,RUDOLF,SCHLAGEL,1/20/1948
99350629997,MELROSE,HAJDUCKO,12/30/1958
99350630797,ELVIS,VEITCH,3/6/1925
99350631297,ROSELINE,APPLEBY,3/16/1954
99350632797,KAREN,SZARKA,11/11/1936
99350633697,COMLY,TURLIK,5/15/1933
99350635697,BEULAH,OLEARY JR,2/6/1943
99350637097,ALVAREZ,RINKER,7/7/1933
99350637397,DARYLE,BIRTCHER,3/9/1938
99350638197,HILDE,MAZZOLA,4/29/1936
99350639597,VALJEAN,KUSHNEREIT,5/22/1947
99350644197,DARRYL,WILDS,3/11/1946
99350646397,LACEY,WIATRAK,3/2/1950
99350648397,ROMONA,FARBACHER,2/23/1951
99350650497,LORRIE,LAMBORN,4/5/1940
99350650897,NEVIN,MIHALIC,4/13/1935
99350651197,WATSON,HOOD JR,10/17/1945
99350651497,FAITH,IOVINO,6/4/1931
99350651697,ELAINE,SKRBIN,11/14/1950
99350652797,GLENNA,PILATS,3/24/1959
99350653497,DEVON,GALLIK,1/21/1951
99350656897,VIJAYKUMAR,FARRA,6/19/1930
99350657597,MELINDA,ERHARDT,5/10/1928
99350658097,ANTHANETTEB,AUMAN,3/21/1950
99350660197,AVIS,GARRISON,1/25/1946
99350663997,LRAE,WOLBERT,6/12/1953
99350665197,LONNIE,SLOVAK,4/4/1951
99350666497,TRENA,PEDUZZI,1/31/1936
99350668597,SANDERS,MICKUS,9/5/1926
99350668997,OLIVER,CALLERY,2/12/1971
99350671597,SHERIDAN,NADU,8/19/1924
99350673397,PETER,BEITER,2/16/1951
99350673697,NEDRA,ASHMORE,11/14/1950
99350675697,DAVE,LOWERY,2/4/1925
99350676397,DARREL,LIGONS,2/26/1946
99350678697,VEVA,SUSINI,6/14/1934
99350680897,R,SINGEL,11/7/1950
99350682897,ANASTASIA,LIGHTHART,11/12/1964
99350683597,RAYMAR,LEHRMAN,6/20/1939
99350684097,MARILYNN,WISEMAN,7/29/1960
99350684397,VICTORIA,DAVIES,5/20/1952
99350684497,ELISA,BENCE,2/16/1951
99350685297,JUDD,BINKOSKI,9/3/1957
99350687297,CAMILLE,KOLENY,4/2/1936
99350687397,GENO,DEMARINO,2/2/1936
99350687797,DORA,BARD,3/26/1957
99350688097,MARLYN,PAHNOS,11/4/1950
99350689797,ELDORA,SANFILIPPO,12/17/1940
99350690197,LUIGI,ZEMA,5/23/1934
99350690397,DOUGLAS,COBLER,7/5/1948
99350691597,LISSIE,TUMOLO,8/12/1930
99350692397,JEANNETTE,GOSSAR,3/8/1935
99350692897,ANATOL,PEDRINELLI,10/16/1955
99350693097,SALVADORE,WICKLUND,12/24/1928
99350694497,ORVILLE,SCHUSTER SHAFER,8/28/1937
99350695297,GESUELE,GUADAGNI,11/11/1962
99350697097,AUGUSTO,DAMBACH,9/8/1944
99350697897,CORWIN,STOICI,2/3/1943
99350698597,CYRIL,SEILER,12/26/1948
99350698797,BERNETTE,YOUNG JR,8/25/1948
99350699597,CHRISTAL,KAKABAR,10/15/1948
99350004697,ELIN,CALLANDER,12/29/1965
99350006497,LESLIE,BAKAJ,3/16/1943
99350007097,ERNA,BOYCE,4/9/1955
99350007797,TWILLA,AGAMEDI,1/21/1951
99350008797,THANH,DICE,7/18/1948
99350009897,ROCCO,MCTIGHE,3/11/1939
99350010597,KIM,FEDARKO,4/9/1915
99350010997,LOVELLA,KEHM JR,5/28/1938
99350011797,GUY,ABAD,6/19/1951
99350012097,BONNA,KAUFER,6/21/1940
99350012397,HERMINIA,LAH,10/15/1949
99350012997,PAULETTE,SIWIK,2/3/1931
99350013497,MITCHELL,TURIAK,7/23/1939
99350013897,RAELYNN,GOULD,7/31/1947
99350014697,GRAHAM,LEYTON,2/20/1946
99350015497,SOL,DUGAN,2/3/1934
99350017797,MELODY,DOMHOFF,6/23/1949
99350017897,TEDDY,KRZYWICKI,9/6/1953
99350017997,WANETTA,MILLION,10/3/1947
99350018397,TAMARA,BEECH,8/29/1926
99350018597,RIVA,NUTTER JR,3/30/1949
99350019297,BRENDAN,LAWS,10/1/1946
99350019997,ALLEN,TROUP,4/22/1948
99350021497,LYDIA,GIMILIANO,9/3/1919
99350022097,OZRA,ABE,3/5/1929
99350022597,THEORA,STRASISER,4/29/1947
99350027097,ZARA,ZELENAK,6/21/1950
99350027797,WILBER,SHARIE JR,3/31/1939
99350030597,ANDREW,YOVICH,5/28/1949
99350033397,JAGDISH,BEDELL,6/3/1954
99350034197,BIPIN,GALBRAITH,8/14/1946
99350034597,THEDA,BLEIL,6/10/1938
99350034897,ANTONIETTA,DATRES,4/16/1953
99350036897,ROSELLA,CECOTTI,7/24/1949
99350039397,SHEELAGH,SHREINER,10/16/1949
99350039797,DOMER,LEDER,4/29/1961
99350040597,TONI,SPERO,7/6/1945
99350041297,XIANTONG,MOUNTJOY,12/17/1938
99350043397,BUTCH,KOVEL,10/19/1941
99350044997,SHELLEY,ABRAMOWICH,8/11/1949
99350047397,PARK,WILSON JR,5/9/1938
99350047797,RHEYMA,SEAMONS,1/14/1926
99350048497,OPHELIA,LESE,12/14/1945
99350048897,JONELLA,FITSIORIS,5/13/1938
99350049197,LINDSAY,PREMENTINE JR,10/25/1945
99350051597,KAZIMIERA,DAMITS,1/9/1951
99350052297,TATIANA,MECHLING JR,1/7/1958
99350052697,JULES,JUCHA,1/1/1949
99350054397,LOU,TABONE,10/19/1946
99350055397,ALVAR,SHEFFLER,7/4/1949
99350056497,ANGIE,TIRABOSCHI,11/18/1967
99350057297,DARNEL,BESTWICK,9/7/1952
99350059297,DODD,DOPERAK,5/2/1937
99350060197,ANNA MARGA,MCCASKILL,12/3/1949
99350065297,CYRIL,RUTTENBERG,12/3/1950
99350066697,ESKANDAR,LUSEBRINK,5/10/1953
99350067797,JUDD,DONEY JR,8/14/1941
99350067897,DOMENICO,MOSCHETTA,2/23/1948
99350068797,TERANELL,BENNARDO,4/24/1936
99350069997,PIETRO,POTTHOFF,2/25/1955
99350072897,NICKALOS,LUCHKIW,8/7/1970
99350074897,FRANKLYN,GRATZ,3/7/1941
99350075097,SHERRILL,BRUNNER,5/12/1933
99350075997,F,CURRENCE,9/30/1949
99350076997,J ROBERT,VERBANO,10/21/1943
99350077397,GARLAND,CAESAR,12/19/1934
99350079797,KAY,FARRINGTON,3/3/1930
99350082597,RONNA,NAPOLITANO,2/3/1941
99350082697,MAURICE,HUYNH,3/22/1941
99350084397,MAUDE,LANGAN,10/24/1942
99350084797,DOREEN,ROSENBERY,3/20/1951
99350086797,RONNA,HAINES,12/1/1950
99350088697,CANDIS,KNOWLTON,3/9/1932
99350090797,ELVIE,KWIATEK,1/28/1937
99350091897,HENRIETTA,RUCK,2/28/1936
99350092697,MARY JANE,MAENZ,3/18/1950
99350093897,J FRANK,FERRIER,6/28/1934
99350094897,CATHY,BESTVINA,8/3/1958
99350095697,DALLAS,GROHAL,6/13/1947
99350096197,NORRIS,MAZZOLENI,2/4/1932
99350097297,HOPE,OURS,6/18/1945
99350097997,CONRAD,GOODEN,8/15/1949
99350098097,FAY,CACCAVO,11/24/1946
99350099397,CECILIA,SARGERT,4/3/1933
99350099497,DRISCILLA,SOLGAN,9/2/1936
99350099697,LOWRY,YELLETS,6/29/1935
99350101497,CECILIA,JESSUP,12/14/1934
99350102297,ALLYSON,DINCO,12/14/1935
99350103897,DOMINICK,SOBERDASH,5/13/1926
99350105097,BILL,GENIS,11/16/1945
99350105197,ELLEN,DRYZAL,8/29/1935
99350105297,ELMA,GARBER,1/26/1936
99350105897,AUSTIN,YARIA,5/31/1943
99350106097,KEK CHUAN,BERTOLASIO,9/24/1944
99350106597,MERLE,RIDDLER,7/2/1957
99350108697,ELSIE,NAGEOTTE,4/30/1940
99350108797,CARMELINA,HYDE,7/19/1936
99350108997,SHEENA,EKLUND,7/27/1944
99350109497,GAYLE,SOFFA,3/24/1946
99350110197,HONEY,KRAMER JR,3/25/1939
99350110897,JOSEPH,COTTRILL,10/16/1957
99350112597,HAROLD,SHEPLEY JR,12/18/1957
99350113197,MARTINA,VIZIOLA,7/27/1949
99350699697,ALEX,BUTTERFUSS,5/7/1952
99350700597,JANICE,LAVITSKY,6/22/1949
99350701397,RENAE,VUICH,5/2/1950
99350701997,ELLIOTTE,SUDROW-SHIRLEY,1/25/1949
99350705497,FREDDIE,SGRO,1/10/1948
99350707197,THORA,RUNNER,3/18/1934
99350709697,TERENCE,KOZLER,9/18/1930
99350711297,TOMMIE,BOBOIGE,7/12/1940
99350711697,COSTA,REA,7/29/1944
99350711797,KRISTEEN,TROUTNER,12/30/1981
99350713097,CLIFFORD,RYCHLICKI,4/28/1953
99350713297,VERNETTA,GAPSKY,2/26/1958
99350713697,COLLETTA,SCHMOCKER,9/3/1933
99350713797,DARLIENE,WOLESLAGLE,9/20/1948
99350715497,TERRIE,SISSON,5/2/1943
99350715897,ARTHUR,VIVIANI,7/3/1943
99350716097,CECILIA,SITKO,2/7/1937
99350718297,NEVIN,SHONTZ,5/13/1935
99350719097,LIDA,VENZON,5/30/1949
99350720597,NICHOLA,CHISLOCK,2/19/1933
99350721297,D JUNE,LENZ,3/16/1978
99350722997,KERRY,SERO,10/8/1933
99350725197,TONYNIA,PARDI,6/29/1937
99350726497,BERT,WARDENGA,4/2/1947
99350729397,ALEX,MCELWEE,2/12/1947
99350730397,EMANUEL,BUCKINGHAM,1/8/1940
99350730597,CELIA,EVANGELISTA,8/31/1935
99350732697,BLAINE,DESALLE,5/19/1947
99350732797,LORA,SKELLIE,8/25/1947
99350734397,SHERRILL,ENGLERT,4/8/1936
99350735797,HALINA,DURLER,11/21/1945
99350740597,GLENMORE,PARE,1/29/1951
99350743697,JOANN,MCALLISTER JR,1/29/1929
99350748497,GEMMA,CRAVENOR,11/6/1942
99350752197,FATIMA,SCHUGAR,5/29/1939
99350753297,OLIN,GILLILAND,9/25/1934
99350753797,KARLA,NAUGLE,6/8/1940
99350753997,LE ROY,NESTER,1/5/1948
99350756397,ROSALINE,TEKAVEC,1/19/1975
99350758797,CYRUS,MAYERS,8/20/1980
99350763297,JOETTE,LECHNER,4/24/1929
99350763497,LORENZO,PANTONI,2/26/1944
99350764597,CORALEE,SHINGLEDECKER,11/24/1947
99350769997,ROSE MARY,MARCO,3/28/1934
99350770797,CORRIE,SOLLENBERGER,11/22/1937
99350771997,EDWARD,GEARING,11/18/1952
99350772597,CAROLYNE,PATIK,8/8/1949
99350772797,MARYANN,RAHMANN,9/21/1948
99350773797,ALEKSANDRA,SHIPP,1/13/1939
99350777097,DRINDA,NIELSEN,2/14/1966
99350780397,OTIS,MUSCOVICH,12/10/1950
99350783097,JIMMY,HRINYA,5/5/1943
99350783597,EMORY,PIOTROWSKI,6/16/1936
99350784197,KORENA,VICTOR,8/27/1958
99350785497,EVONNE,RIVETT,6/20/1940
99350786497,ANDREAS,ZAMBOTTI,11/9/1959
99350788797,MARY BE,CHITTISTER,10/25/1949
99350789697,JACQUELINEK,RETTER BENNETT,12/3/1938
99350790697,ALMEADER,COUGHENOUR,1/31/1939
99350790797,PRAKASH,DOELL,1/19/1925
99350792097,RAVINDRA,VELAN-BOWSER,12/23/1948
99350793997,PALMER,ZEZULA,6/17/1949
99350795297,VAN,MARINCHAK JR,2/13/1941
99350796497,DIANN,MILMASTER,4/11/1934
99350797397,EVELYN,STEMPKOWSKI,2/19/1934
99350798597,NOEL,DEASON,12/25/1943
99350798897,THEODORA,ROSSETTI,4/11/1948
99350802897,CELESTE,BENNER,9/28/1949
99350805997,SIDNEY,JEZESKIE,4/9/1944
99350808597,HOMER,EPSTEIN,3/29/1944
99350809197,MEERA,BUEL,11/27/1944
99350813397,FREDERICH,MILROTH,11/7/1949
99350813897,SANDRIA,LOCANTE,10/5/1940
99350814597,CORENE,FABRIZIO,7/18/1929
99350816697,NABIL,BLAKELY,1/23/1927
99350818097,RASHENDA,TUER,6/2/1927
99350818597,CHRISTEEN,WILDESON,8/24/1939
99350818897,MARCELLO,TOKARSKI,7/11/1946
99350819297,HILARY,BOEA,3/9/1932
99350819697,VAUGHN,FAULKNER,3/1/1953
99350819897,EMOGENE,LENK II,11/1/1932
99350820097,HERMINIA,TRANOVICH,10/14/1944
99350821397,ALVARO,WERRIES,9/8/1954
99350822697,BERLENA,STEFFLER,6/21/1949
99350823597,MERRIE,BRAZIN,12/24/1932
99350824697,NUNZIO,WILLIAM,9/7/1948
99350824897,CHRISTEL,CARRABBA,10/25/1949
99350825997,VEARLENE,BRATCHER,7/17/1947
99350827597,TELFORD,GAZDIK,6/9/1950
99350827997,LAVERNE,SPANO,5/6/1936
99350829797,BONIVERE,FLINCHBAUGH,7/7/1940
99350830197,ZDRAVCO,ROPCHACK,9/23/1958
99350831097,IGNATIUS,GASKILL,10/9/1946
99350832397,AVONELLE,MONG,5/10/1925
99350832597,JOELLEN,COYLE,3/8/1931
99350834497,VERNE,REIHL,1/25/1948
99350835797,NONA,FRAILEY,1/16/1939
99350837497,RHEDA,DASCANI,7/5/1950
99350841197,ALENE,DUBOS,3/9/1951
99350841697,ROXANNA,HAFT,10/15/1949
99350842297,TANDAV,BASINGER,3/30/1948
99350842397,BHAGWAN,FORNEY,8/1/1951
99350842797,HAFEEZ,MECHLING,9/18/1940
99350843997,VICKY,COTO,6/1/1941
99350844797,LE ROY,WRONA,5/21/1947
99350844997,BEAU,CHONTAS,3/27/1940
99350845197,LUTHER,TORCASO,10/2/1929
99350846597,BEULAH,APECELLI,1/8/1940
99350846697,SHARIFA,SCHIFANO,11/16/1945
99350847297,CONNIE,DASHEFSKY,10/12/1932
99350848297,JOHANNAH,SCHRADER,8/22/1949
99350849397,WARNE,SWARROW,2/7/1932
99350852697,MAFALDA,HAMER,2/10/1946
99350854497,MARSENE,KATHURIA,4/12/1948
99350855897,AVONELLE,SYNAN,4/11/1943
99350856997,KATIE,KIDD,12/15/1936
99350857197,CAROLEANN,MOCK,1/30/1951
99350858097,MAYME,BOALS,9/30/1949
99350858197,ROLLA,KERMIET,2/9/1952
99350858897,VERLE,FRENCH,5/5/1933
99350859797,GEORGE,HICK,12/11/1947
99350861297,QUEEN,BORRASSO,4/26/1946
99350862997,DENVER,SIMONETTA,12/19/1947
99350863397,GIOVANNI,BAZALA,9/24/1959
99350864597,CHRYSTELL,HILINSKI,12/28/1950
99350865197,SARA,BROGGI,12/4/1946
99350865497,CORNELIUS,LORD,6/1/1950
99350872697,STARLENE,SCHU,5/27/1942
99350873097,VERNITA,ULYANYUK,2/12/1968
99350873297,IRINA,FENTEM,2/5/1934
99350874197,CLAIRE,SPAHN,4/16/1950
99350876897,LORI,CIAVOLELLA,9/18/1935
99350876997,PREVON,GIGER,9/23/1941
99350877397,SAMMY,LANGLEY,8/8/1960
99350879697,LONA,PUCCI,5/26/1932
99350881297,CARMELINE,LERSCH JR,7/24/1950
99350881697,ALDA,LEPCZYK,2/2/1981
99350881797,KRISTIE,FLANNERY,11/13/1949
99350882897,ALETA,PISCAR,12/2/1944
99350882997,WYNONIA,ROSKOVENSKY,11/17/1923
99350883897,FELMA,HOLLICK,2/13/1929
99350886697,URSULA,PEACE,5/13/1943
99350887697,LONNIE,BEAN JR,10/16/1935
99350888297,RAMO,PFUND,5/7/1947
99350888397,DOLORIS,PINKUS,8/24/1934
99350891197,DEMPSEY,BLASDEL,10/11/1926
99350893497,ERNEST,MANION,5/26/1942
99350893797,FRANCESCO,BUCCIARELLI,7/21/1948
99350893897,EDGAR,RAGAN,5/12/1942
99350894097,GERMAINE,ULASKY,6/6/1956
99350894397,JOSHUA,ASHBAUGH,7/2/1950
99350895097,NICHOLA,HANNAH,6/5/1957
99350896097,MARY ROSE,SWARTZ,6/19/1937
99350897397,ROSALIA,BELASHEK,2/15/1949
99350897497,LYNNE,SKORETZ,8/17/1946
99350900297,MYRON,FALCONE,8/21/1944
99350902597,ELEANORA,BELLARD JR,2/19/1934
99350903797,WILLETTE,BRIERLEY BORAS,7/29/1924
99350904597,BUON,BRADEL,6/4/1976
99350905297,REED,SCALERCIO,1/21/1952
99350905597,CASEY,PICCIONI,3/22/1978
99350906597,VICTOR,REARDON,4/11/1947
99350907997,OZRA,HORNING,8/5/1938
99350910097,TIMOTHY,LENTZ,5/14/1949
99350911397,LABONNA,SKLODOWSKI,2/20/1933
99350912697,ANISA,COYNE,9/24/1953
99350913297,MARTHA,GOURLEY JR,12/13/1950
99350913597,RUPERT,BANACH,11/2/1935
99350914697,GAYE,BUCHANAN,6/17/1954
99350914797,LEONID,PALICKA,1/28/1933
99350914897,ALFRED,KOMRAUS,11/23/1954
99350915697,CHRISTINE,MIKITA,9/1/1927
99350916397,TAZIMO,LAUVER,12/3/1946
99350918897,LUISA,SZMED,8/2/1942
99350920297,HALINA,DROZ,7/30/1945
99350921897,CHERRIE,WASHIC,1/6/1951
99350924197,JUDITH,LOCHRANE,12/5/1944
99350924297,WALLACE,WILHOIT,10/17/1950
99350925897,G NATHAN,MOHNEY III,12/27/1950
99350927697,JEANPAUL,RENDA,3/24/1943
99350928097,ELIGIO,DEHAVEN,10/6/1974
99350928297,COMMODORE,GRAMLING,8/14/1958
99350928597,LUCIE,NAPER,8/23/1950
99350934597,HYMAN,COULSON,8/25/1923
99350938497,QUINTELL,ZIVIELLO,7/4/1957
99350939397,FAUSTA,NAVE,9/10/1952
99350943097,SALOME,SHEFFLER,1/25/1942
99350944397,ANGELINE,HAWN,3/13/1923
99350945797,APRIL,SAMPSON,3/18/1945
99350948297,TOD,HALLER,1/19/1926
99350949897,KANAKO,WENSEL,1/11/1948
99350950497,HITASHIA,SUTT,7/15/1935
99350952397,JAN,IERINO,5/1/1941
99350952897,PAULETTE,SUTORKA,10/10/1941
99350953797,TAZIMO,CHATURVEDI,8/17/1946
99350955097,DEREK,COTTLE,4/22/1948
99350955497,GEORGINE,SCHMIDTETTER,11/12/1945
99350956597,RODNEY,MIKOSKY,6/27/1956
99350960197,FRANKLYN,SAURO,2/14/1944
99350960897,VOLKER,MCKEAG,9/8/1948
99350962897,ORNELLA,VENNARE,5/2/1957
99350962997,HOA,STIMMEL,1/16/1951
99350964097,REBA,LADD,5/2/1936
99350964597,BERNADINE,MASCARI,6/5/1949
99350967297,HERMAN,REBICH,1/23/1940
99350973597,TAURIS,DONIKOWSKI,10/31/1948
99350973897,ALI,DROZ,10/1/1938
99350974397,NEIL,MOSHER,1/2/1951
99350979897,STUART,AMTHOR,8/23/1926
99350980297,NINA,CARAWAY,10/19/1936
99350980597,SHERRY,REDDY,1/22/1948
99350981797,KERRY,BOROS,4/7/1950
99350982297,SHERIDAN,NOTHWANG,6/10/1926
99350982797,HELGA,HERRLICH,9/20/1938
99350983797,DARIA,LENHARDT,5/19/1935
99350985597,VEENA,TURK,3/15/1980
99350986097,CHORAL,CZAK,3/23/1929
99350986797,FREDA,HERR,10/11/1943
99350987697,STACY,BABURICH,1/9/1953
99350988297,SILLOO,AVETTA,10/5/1942
99350989397,MARIAH,KRACHE,9/28/1947
99350992297,JULES,ZYGMUNT,8/22/1950
99350992597,MEDICK,NAY,11/30/1950
99350993697,HOPE,WOYCHECK,1/11/1947
99350994697,MADALINE,SLEBODNICK,3/5/1947
99350997197,WAHEEB,DYGA,8/8/1944
99350998197,ARCH,MUSANTE,10/31/1942
99350998797,LYLE,NEMETH,10/4/1936
99351000697,ROSALIND,FLASH,5/22/1946
99351001297,LENARD,DROZDO,7/28/1966
99351003697,DARLENE,RIETHER,7/11/1947
99351004597,CARLETON,SMILEK,10/30/1950
99351005097,HANNAH,BORN,1/5/1948
99351007397,LATHROP,WILK,10/31/1950
99351007997,LAANDRIA,CUMMINS,11/26/1950
99351013697,MARY PAULONE,DESIN,3/9/1972
99351013797,MAYME,CREAMER,3/6/1952
99351014697,THELMA,KNECHTEL,10/15/1949
99351015797,RUTH ANNE,BESTWICK,11/5/1950
99351017597,VON,KAREIS,9/2/1973
99351019697,TUYET,PEPAL,3/28/1957
99351020397,NORMA J,KROFT,8/19/1966
99351020797,CECELIA,WETZEL,10/28/1962
99351022097,JOLIEN,MRUS,12/21/1952
99351023997,ROSEMARIA,BERKICH,3/16/1947
99351025997,TOBI,PILGUN,11/24/1950
99351026797,CHIUN,DASHEFSKY,1/4/1951
99351027097,CHRISTIANA,BACON,1/3/1951
99351027397,CARL,SIPPOS,12/14/1950
99351027497,R,USHER,11/21/1950
99351028197,NANCY ANN,MAISA,6/1/1955
99351029197,MALVINA,COLLURA,12/22/1950
99351033397,ROBIN,TURLIK,12/13/1950
99351033697,ANTIGONE,GASPARRO,5/4/1947
99351034997,GEORGI,BRIAN,6/4/1947
99351037497,BERNIECE,PUCCI,6/30/1950
99351037697,EMELYN,BICK,11/11/1950
99351037997,GLEN,HATALA,6/9/1955
99351038097,LINCOLN,URAM,11/28/1950
99351042097,DEWAYNE,GUIDO,11/9/1950
99351042197,PEARLINE,GANDY,5/17/1948
99351044997,U RONALD,SLIPPY,10/27/1950
99351046297,ROBBIE,SHADRON,10/4/1950
99351046497,CHAUNCEY,DENORSCIA,7/2/1970
99351046697,ANTONIO,SESTAK,11/22/1950
99351048197,AUTUMN,LOWTHER,3/2/1962
99351049597,DELPHINE,LUBONOVICH,6/21/1949
99351050097,JANELL,MASTROMONACO,3/23/1950
99351051097,ALTHEA,KAMINSKY,12/11/1950
99351053997,LEV,MARCHINES,7/3/1945
99351055297,TINGLE,RACAN,11/24/1980
99351055497,PHILIPS,USLENGHI,7/3/1960
99351056097,MARQUIS,ECKER,11/29/1950
99351057397,MADELON,MILHOAN,12/31/1955
99351057697,ERLA,ASPIOTES,8/14/1944
99351057797,RENA,SAFAEIAN,7/21/1943
99351057897,DAN,HANSELMAN,5/7/1941
99351058697,LORENZA,LUTTMAN,11/2/1959
99351061797,DORSEY,NAPPI,8/30/1946
99351062597,SERENA,MIZE,10/20/1950
99351066697,MARCINIA,DECELLO,9/14/1950
99351068297,SIMON,MATEER,9/21/1940
